{
	"info": {
		"_postman_id": "d3c0ffb7-01e5-4d72-b531-52a6ba732301",
		"name": "Senai.Gufi.WebApi",
		"schema": "https://schema.getpostman.com/json/collection/v2.1.0/collection.json"
	},
	"item": [
		{
			"name": "TiposUsuario",
			"item": [
				{
					"name": "TiposUsuario.Listar",
					"request": {
						"method": "GET",
						"header": [],
						"url": {
							"raw": "http://localhost:5000/api/TiposUsuario",
							"protocol": "http",
							"host": [
								"localhost"
							],
							"port": "5000",
							"path": [
								"api",
								"TiposUsuario"
							]
						}
					},
					"response": []
				},
				{
					"name": "TiposUsuario.BuscarPorId",
					"request": {
						"method": "GET",
						"header": [],
						"url": {
							"raw": "http://localhost:5000/api/TiposUsuario/1",
							"protocol": "http",
							"host": [
								"localhost"
							],
							"port": "5000",
							"path": [
								"api",
								"TiposUsuario",
								"1"
							]
						}
					},
					"response": []
				},
				{
					"name": "TiposUsuario.Cadastrar",
					"request": {
						"method": "POST",
						"header": [],
						"body": {
							"mode": "raw",
							"raw": "{\n\t\"tituloTipoUsuario\": \"Novo tipo de usuário\"\n}",
							"options": {
								"raw": {
									"language": "json"
								}
							}
						},
						"url": {
							"raw": "http://localhost:5000/api/TiposUsuario",
							"protocol": "http",
							"host": [
								"localhost"
							],
							"port": "5000",
							"path": [
								"api",
								"TiposUsuario"
							]
						}
					},
					"response": []
				},
				{
					"name": "TiposUsuario.Atualizar",
					"request": {
						"method": "PATCH",
						"header": [],
						"body": {
							"mode": "raw",
							"raw": "{\n\t\"tituloTipoUsuario\": \"Tipo de usuário atualizado\"\n}",
							"options": {
								"raw": {
									"language": "json"
								}
							}
						},
						"url": {
							"raw": "http://localhost:5000/api/TiposUsuario/3",
							"protocol": "http",
							"host": [
								"localhost"
							],
							"port": "5000",
							"path": [
								"api",
								"TiposUsuario",
								"3"
							]
						}
					},
					"response": []
				},
				{
					"name": "TiposUsuario.Deletar",
					"request": {
						"method": "DELETE",
						"header": [],
						"url": {
							"raw": "http://localhost:5000/api/TiposUsuario/3",
							"protocol": "http",
							"host": [
								"localhost"
							],
							"port": "5000",
							"path": [
								"api",
								"TiposUsuario",
								"3"
							]
						}
					},
					"response": []
				}
			],
			"protocolProfileBehavior": {}
		},
		{
			"name": "Usuarios",
			"item": [
				{
					"name": "Usuarios.Listar",
					"request": {
						"method": "GET",
						"header": [],
						"url": {
							"raw": "http://localhost:5000/api/Usuarios",
							"protocol": "http",
							"host": [
								"localhost"
							],
							"port": "5000",
							"path": [
								"api",
								"Usuarios"
							]
						}
					},
					"response": []
				},
				{
					"name": "Usuarios.BuscarPorId",
					"request": {
						"method": "GET",
						"header": [],
						"url": {
							"raw": "http://localhost:5000/api/Usuarios/1",
							"protocol": "http",
							"host": [
								"localhost"
							],
							"port": "5000",
							"path": [
								"api",
								"Usuarios",
								"1"
							]
						}
					},
					"response": []
				},
				{
					"name": "Usuarios.Cadastrar",
					"request": {
						"method": "POST",
						"header": [],
						"body": {
							"mode": "raw",
							"raw": "{\n    \"nomeUsuario\": \"Novo usuário\",\n    \"email\": \"novo e-mail\",\n    \"senha\": \"nova senha\",\n    \"genero\": \"Novo gênero\",\n    \"idTipousuario\": 2\n}",
							"options": {
								"raw": {
									"language": "json"
								}
							}
						},
						"url": {
							"raw": "http://localhost:5000/api/Usuarios",
							"protocol": "http",
							"host": [
								"localhost"
							],
							"port": "5000",
							"path": [
								"api",
								"Usuarios"
							]
						}
					},
					"response": []
				},
				{
					"name": "Usuarios.Atualizar",
					"request": {
						"method": "PATCH",
						"header": [],
						"body": {
							"mode": "raw",
							"raw": "{\n    \"nomeUsuario\": \"Novo usuário atualizado\",\n    \"email\": \"novo e-mail atualizado\",\n    \"senha\": \"nova senha atualizada\",\n    \"genero\": \"Novo gênero atualizado\",\n    \"idTipousuario\": 2\n}",
							"options": {
								"raw": {
									"language": "json"
								}
							}
						},
						"url": {
							"raw": "http://localhost:5000/api/Usuarios/4",
							"protocol": "http",
							"host": [
								"localhost"
							],
							"port": "5000",
							"path": [
								"api",
								"Usuarios",
								"4"
							]
						}
					},
					"response": []
				},
				{
					"name": "Usuarios.Deletar",
					"request": {
						"method": "DELETE",
						"header": [],
						"url": {
							"raw": "http://localhost:5000/api/Usuarios/4",
							"protocol": "http",
							"host": [
								"localhost"
							],
							"port": "5000",
							"path": [
								"api",
								"Usuarios",
								"4"
							]
						}
					},
					"response": []
				}
			],
			"protocolProfileBehavior": {}
		},
		{
			"name": "Instituicoes",
			"item": [
				{
					"name": "Instituicoes.Listar",
					"request": {
						"method": "GET",
						"header": [],
						"url": {
							"raw": "http://localhost:5000/api/Instituicoes",
							"protocol": "http",
							"host": [
								"localhost"
							],
							"port": "5000",
							"path": [
								"api",
								"Instituicoes"
							]
						}
					},
					"response": []
				},
				{
					"name": "Instituicoes.BuscarPorId",
					"request": {
						"method": "GET",
						"header": [],
						"url": {
							"raw": "http://localhost:5000/api/Instituicoes/1",
							"protocol": "http",
							"host": [
								"localhost"
							],
							"port": "5000",
							"path": [
								"api",
								"Instituicoes",
								"1"
							]
						}
					},
					"response": []
				},
				{
					"name": "Instituicoes.Cadastrar",
					"request": {
						"method": "POST",
						"header": [],
						"body": {
							"mode": "raw",
							"raw": "{\n    \"cnpj\": \"03774819008188\",\n    \"nomeFantasia\": \"Escola SENAI de Informática - filial\",\n    \"endereco\": \"Alameda Barão de Limeira, 538 - Santa Cecília\"\n}",
							"options": {
								"raw": {
									"language": "json"
								}
							}
						},
						"url": {
							"raw": "http://localhost:5000/api/Instituicoes",
							"protocol": "http",
							"host": [
								"localhost"
							],
							"port": "5000",
							"path": [
								"api",
								"Instituicoes"
							]
						}
					},
					"response": []
				},
				{
					"name": "Instituicoes.Atualizar",
					"request": {
						"method": "PATCH",
						"header": [],
						"body": {
							"mode": "raw",
							"raw": "{\n    \"cnpj\": \"03774819008187\",\n    \"nomeFantasia\": \"Escola SENAI de Informática - atualizada\",\n    \"endereco\": \"Alameda Barão de Limeira, 538 - Santa Cecília - atualizado\"\n}",
							"options": {
								"raw": {
									"language": "json"
								}
							}
						},
						"url": {
							"raw": "http://localhost:5000/api/Instituicoes/4",
							"protocol": "http",
							"host": [
								"localhost"
							],
							"port": "5000",
							"path": [
								"api",
								"Instituicoes",
								"4"
							]
						}
					},
					"response": []
				},
				{
					"name": "Instituicoes.Deletar",
					"request": {
						"method": "DELETE",
						"header": [],
						"url": {
							"raw": "http://localhost:5000/api/Instituicoes/4",
							"protocol": "http",
							"host": [
								"localhost"
							],
							"port": "5000",
							"path": [
								"api",
								"Instituicoes",
								"4"
							]
						}
					},
					"response": []
				}
			],
			"protocolProfileBehavior": {}
		},
		{
			"name": "TiposEvento",
			"item": [
				{
					"name": "TiposEvento.Listar",
					"request": {
						"method": "GET",
						"header": [],
						"url": {
							"raw": "http://localhost:5000/api/TiposEvento",
							"protocol": "http",
							"host": [
								"localhost"
							],
							"port": "5000",
							"path": [
								"api",
								"TiposEvento"
							]
						}
					},
					"response": []
				},
				{
					"name": "TiposEvento.BuscarPorId",
					"request": {
						"method": "GET",
						"header": [],
						"url": {
							"raw": "http://localhost:5000/api/TiposEvento/1",
							"protocol": "http",
							"host": [
								"localhost"
							],
							"port": "5000",
							"path": [
								"api",
								"TiposEvento",
								"1"
							]
						}
					},
					"response": []
				},
				{
					"name": "TiposEvento.Cadastrar",
					"request": {
						"method": "POST",
						"header": [],
						"body": {
							"mode": "raw",
							"raw": "{\n\t\"tituloTipoEvento\" : \"Novo tipo evento\"\n}",
							"options": {
								"raw": {
									"language": "json"
								}
							}
						},
						"url": {
							"raw": "http://localhost:5000/api/TiposEvento",
							"protocol": "http",
							"host": [
								"localhost"
							],
							"port": "5000",
							"path": [
								"api",
								"TiposEvento"
							]
						}
					},
					"response": []
				},
				{
					"name": "TiposEvento.Atualizar",
					"request": {
						"method": "PATCH",
						"header": [],
						"body": {
							"mode": "raw",
							"raw": "{\n\t\"tituloTipoEvento\" : \"Tipo evento atualizado\"\n}",
							"options": {
								"raw": {
									"language": "json"
								}
							}
						},
						"url": {
							"raw": "http://localhost:5000/api/TiposEvento/4",
							"protocol": "http",
							"host": [
								"localhost"
							],
							"port": "5000",
							"path": [
								"api",
								"TiposEvento",
								"4"
							]
						}
					},
					"response": []
				},
				{
					"name": "TiposEvento.Deletar",
					"request": {
						"method": "DELETE",
						"header": [],
						"url": {
							"raw": "http://localhost:5000/api/TiposEvento/4",
							"protocol": "http",
							"host": [
								"localhost"
							],
							"port": "5000",
							"path": [
								"api",
								"TiposEvento",
								"4"
							]
						}
					},
					"response": []
				}
			],
			"protocolProfileBehavior": {}
		},
		{
			"name": "Eventos",
			"item": [
				{
					"name": "Eventos.Listar",
					"request": {
						"method": "GET",
						"header": [],
						"url": {
							"raw": "http://localhost:5000/api/Eventos",
							"protocol": "http",
							"host": [
								"localhost"
							],
							"port": "5000",
							"path": [
								"api",
								"Eventos"
							]
						}
					},
					"response": []
				},
				{
					"name": "Eventos.BuscarPorId",
					"request": {
						"method": "GET",
						"header": [],
						"url": {
							"raw": "http://localhost:5000/api/Eventos/1",
							"protocol": "http",
							"host": [
								"localhost"
							],
							"port": "5000",
							"path": [
								"api",
								"Eventos",
								"1"
							]
						}
					},
					"response": []
				},
				{
					"name": "Eventos.Cadastrar",
					"request": {
						"method": "POST",
						"header": [],
						"body": {
							"mode": "raw",
							"raw": "{\n    \"nomeEvento\": \"Evento teste\",\n    \"dataEvento\": \"2020-04-07T13:00:00\",\n    \"descricao\": \"Descrição do evento teste\",\n    \"acessoLivre\": true,\n    \"idInstituicao\": 1,\n    \"idTipoEvento\": 1\n}",
							"options": {
								"raw": {
									"language": "json"
								}
							}
						},
						"url": {
							"raw": "http://localhost:5000/api/Eventos",
							"protocol": "http",
							"host": [
								"localhost"
							],
							"port": "5000",
							"path": [
								"api",
								"Eventos"
							]
						}
					},
					"response": []
				},
				{
					"name": "Eventos.Atualizar",
					"request": {
						"method": "PATCH",
						"header": [],
						"body": {
							"mode": "raw",
							"raw": "{\n    \"nomeEvento\": \"Evento teste atualizado\",\n    \"dataEvento\": \"2020-04-07T14:00:00\",\n    \"descricao\": \"Descrição do evento teste atualizado\",\n    \"acessoLivre\": false,\n    \"idInstituicao\": 1,\n    \"idTipoEvento\": 1\n}",
							"options": {
								"raw": {
									"language": "json"
								}
							}
						},
						"url": {
							"raw": "http://localhost:5000/api/Eventos/4",
							"protocol": "http",
							"host": [
								"localhost"
							],
							"port": "5000",
							"path": [
								"api",
								"Eventos",
								"4"
							]
						}
					},
					"response": []
				},
				{
					"name": "Eventos.Deletar",
					"request": {
						"method": "DELETE",
						"header": [],
						"url": {
							"raw": "http://localhost:5000/api/Eventos/4",
							"protocol": "http",
							"host": [
								"localhost"
							],
							"port": "5000",
							"path": [
								"api",
								"Eventos",
								"4"
							]
						}
					},
					"response": []
				}
			],
			"protocolProfileBehavior": {}
		},
		{
			"name": "Presencas",
			"item": [
				{
					"name": "Presencas.Listar",
					"request": {
						"method": "GET",
						"header": [],
						"url": {
							"raw": "http://localhost:5000/api/Presencas",
							"protocol": "http",
							"host": [
								"localhost"
							],
							"port": "5000",
							"path": [
								"api",
								"Presencas"
							]
						}
					},
					"response": []
				},
				{
					"name": "Presencas.ListarMinhas",
					"request": {
						"auth": {
							"type": "bearer",
							"bearer": [
								{
									"key": "token",
									"value": "",
									"type": "string"
								}
							]
						},
						"method": "GET",
						"header": [],
						"url": {
							"raw": "http://localhost:5000/api/Presencas/Minhas",
							"protocol": "http",
							"host": [
								"localhost"
							],
							"port": "5000",
							"path": [
								"api",
								"Presencas",
								"Minhas"
							]
						}
					},
					"response": []
				},
				{
					"name": "Presencas.Inscricao",
					"request": {
						"auth": {
							"type": "bearer",
							"bearer": [
								{
									"key": "token",
									"value": "",
									"type": "string"
								}
							]
						},
						"method": "POST",
						"header": [],
						"url": {
							"raw": "http://localhost:5000/api/Presencas/Inscricao/2",
							"protocol": "http",
							"host": [
								"localhost"
							],
							"port": "5000",
							"path": [
								"api",
								"Presencas",
								"Inscricao",
								"2"
							]
						}
					},
					"response": []
				},
				{
					"name": "Presencas.Convidar",
					"request": {
						"method": "POST",
						"header": [],
						"body": {
							"mode": "raw",
							"raw": "{\n    \"idUsuario\": 2,\n    \"idEvento\": 1\n}",
							"options": {
								"raw": {
									"language": "json"
								}
							}
						},
						"url": {
							"raw": "http://localhost:5000/api/Presencas/Convidar",
							"protocol": "http",
							"host": [
								"localhost"
							],
							"port": "5000",
							"path": [
								"api",
								"Presencas",
								"Convidar"
							]
						}
					},
					"response": []
				},
				{
					"name": "Presencas.AprovarRecusar",
					"request": {
						"method": "PUT",
						"header": [],
						"body": {
							"mode": "raw",
							"raw": "{\n\t\"situacao\" : 1\n}",
							"options": {
								"raw": {
									"language": "json"
								}
							}
						},
						"url": {
							"raw": "http://localhost:5000/api/Presencas/5",
							"protocol": "http",
							"host": [
								"localhost"
							],
							"port": "5000",
							"path": [
								"api",
								"Presencas",
								"5"
							]
						}
					},
					"response": []
				}
			],
			"protocolProfileBehavior": {}
		},
		{
			"name": "Login",
			"item": [
				{
					"name": "Login",
					"request": {
						"method": "POST",
						"header": [],
						"body": {
							"mode": "raw",
							"raw": "{\n\t\"email\" : \"email\",\n\t\"senha\" : \"senha\"\n}",
							"options": {
								"raw": {
									"language": "json"
								}
							}
						},
						"url": {
							"raw": "http://localhost:5000/api/Login",
							"protocol": "http",
							"host": [
								"localhost"
							],
							"port": "5000",
							"path": [
								"api",
								"Login"
							]
						}
					},
					"response": []
				}
			],
			"protocolProfileBehavior": {}
		}
	],
	"protocolProfileBehavior": {}
}