{
	"info": {
		"_postman_id": "a0dd40ed-e48b-471e-95fd-97722add2c55",
		"name": "Senai.Peoples.WebApi",
		"schema": "https://schema.getpostman.com/json/collection/v2.1.0/collection.json"
	},
	"item": [
		{
			"name": "Funcionarios",
			"item": [
				{
					"name": "Funcionarios.Listar",
					"request": {
						"method": "GET",
						"header": [],
						"url": {
							"raw": "http://localhost:5000/api/Funcionarios",
							"protocol": "http",
							"host": [
								"localhost"
							],
							"port": "5000",
							"path": [
								"api",
								"Funcionarios"
							]
						}
					},
					"response": []
				},
				{
					"name": "Funcionarios.BuscarPorId",
					"request": {
						"method": "GET",
						"header": [],
						"url": {
							"raw": "http://localhost:5000/api/Funcionarios/1",
							"protocol": "http",
							"host": [
								"localhost"
							],
							"port": "5000",
							"path": [
								"api",
								"Funcionarios",
								"1"
							]
						}
					},
					"response": []
				},
				{
					"name": "Funcionarios.Cadastrar",
					"request": {
						"method": "POST",
						"header": [
							{
								"key": "Content-Type",
								"name": "Content-Type",
								"value": "application/json",
								"type": "text"
							}
						],
						"body": {
							"mode": "raw",
							"raw": "{\r\n    \"nome\": \"Novo\",\r\n    \"sobrenome\": \"Funcionario\",\r\n    \"dataNascimento\": \"1992-07-11\"\r\n}",
							"options": {
								"raw": {
									"language": "json"
								}
							}
						},
						"url": {
							"raw": "http://localhost:5000/api/Funcionarios",
							"protocol": "http",
							"host": [
								"localhost"
							],
							"port": "5000",
							"path": [
								"api",
								"Funcionarios"
							]
						}
					},
					"response": []
				},
				{
					"name": "Funcionarios.Atualizar",
					"request": {
						"method": "PUT",
						"header": [
							{
								"key": "Content-Type",
								"name": "Content-Type",
								"value": "application/json",
								"type": "text"
							}
						],
						"body": {
							"mode": "raw",
							"raw": "{\r\n    \"nome\": \"Funcionario\",\r\n    \"sobrenome\": \"Atualizado\",\r\n    \"dataNascimento\": \"1992-07-12\"\r\n}",
							"options": {
								"raw": {
									"language": "json"
								}
							}
						},
						"url": {
							"raw": "http://localhost:5000/api/Funcionarios/3",
							"protocol": "http",
							"host": [
								"localhost"
							],
							"port": "5000",
							"path": [
								"api",
								"Funcionarios",
								"3"
							]
						}
					},
					"response": []
				},
				{
					"name": "Funcionarios.Deletar",
					"request": {
						"method": "DELETE",
						"header": [],
						"url": {
							"raw": "http://localhost:5000/api/Funcionarios/3",
							"protocol": "http",
							"host": [
								"localhost"
							],
							"port": "5000",
							"path": [
								"api",
								"Funcionarios",
								"3"
							]
						}
					},
					"response": []
				},
				{
					"name": "Funcionarios.BuscarPorNome",
					"request": {
						"method": "GET",
						"header": [],
						"url": {
							"raw": "http://localhost:5000/api/Funcionarios/buscar/Catarina",
							"protocol": "http",
							"host": [
								"localhost"
							],
							"port": "5000",
							"path": [
								"api",
								"Funcionarios",
								"buscar",
								"Catarina"
							]
						}
					},
					"response": []
				},
				{
					"name": "Funcionarios.ListarNomesCompletos",
					"request": {
						"method": "GET",
						"header": [],
						"url": {
							"raw": "http://localhost:5000/api/Funcionarios/nomescompletos",
							"protocol": "http",
							"host": [
								"localhost"
							],
							"port": "5000",
							"path": [
								"api",
								"Funcionarios",
								"nomescompletos"
							]
						}
					},
					"response": []
				},
				{
					"name": "Funcionarios.ListarOrdenado",
					"request": {
						"method": "GET",
						"header": [],
						"url": {
							"raw": "http://localhost:5000/api/Funcionarios/ordenacao/ASC",
							"protocol": "http",
							"host": [
								"localhost"
							],
							"port": "5000",
							"path": [
								"api",
								"Funcionarios",
								"ordenacao",
								"ASC"
							]
						}
					},
					"response": []
				}
			],
			"protocolProfileBehavior": {}
		},
		{
			"name": "TiposUsuario",
			"item": [
				{
					"name": "TiposUsuario.Listar",
					"request": {
						"method": "GET",
						"header": [],
						"url": {
							"raw": "http://localhost:5000/api/TiposUsuario",
							"protocol": "http",
							"host": [
								"localhost"
							],
							"port": "5000",
							"path": [
								"api",
								"TiposUsuario"
							]
						}
					},
					"response": []
				},
				{
					"name": "TiposUsuario.Cadastrar",
					"request": {
						"method": "POST",
						"header": [
							{
								"key": "Content-Type",
								"name": "Content-Type",
								"value": "application/json",
								"type": "text"
							}
						],
						"body": {
							"mode": "raw",
							"raw": "{\r\n    \"titulo\": \"Novo tipo de usuário\"\r\n}",
							"options": {
								"raw": {
									"language": "json"
								}
							}
						},
						"url": {
							"raw": "http://localhost:5000/api/TiposUsuario",
							"protocol": "http",
							"host": [
								"localhost"
							],
							"port": "5000",
							"path": [
								"api",
								"TiposUsuario"
							]
						}
					},
					"response": []
				},
				{
					"name": "TiposUsuario.Atualizar",
					"request": {
						"method": "PUT",
						"header": [
							{
								"key": "Content-Type",
								"name": "Content-Type",
								"value": "application/json",
								"type": "text"
							}
						],
						"body": {
							"mode": "raw",
							"raw": "{\r\n    \"titulo\": \"Tipo de usuário atualizado\"\r\n}",
							"options": {
								"raw": {
									"language": "json"
								}
							}
						},
						"url": {
							"raw": "http://localhost:5000/api/TiposUsuario/4",
							"protocol": "http",
							"host": [
								"localhost"
							],
							"port": "5000",
							"path": [
								"api",
								"TiposUsuario",
								"4"
							]
						}
					},
					"response": []
				},
				{
					"name": "TiposUsuario.Deletar",
					"request": {
						"method": "DELETE",
						"header": [],
						"url": {
							"raw": "http://localhost:5000/api/TiposUsuario/4",
							"protocol": "http",
							"host": [
								"localhost"
							],
							"port": "5000",
							"path": [
								"api",
								"TiposUsuario",
								"4"
							]
						}
					},
					"response": []
				},
				{
					"name": "TiposUsuario.BuscarPorId",
					"request": {
						"method": "GET",
						"header": [],
						"url": {
							"raw": "http://localhost:5000/api/TiposUsuario/1",
							"protocol": "http",
							"host": [
								"localhost"
							],
							"port": "5000",
							"path": [
								"api",
								"TiposUsuario",
								"1"
							]
						}
					},
					"response": []
				}
			],
			"protocolProfileBehavior": {}
		},
		{
			"name": "Usuarios",
			"item": [
				{
					"name": "Usuarios.Listar",
					"request": {
						"method": "GET",
						"header": [],
						"url": {
							"raw": "http://localhost:5000/api/Usuarios",
							"protocol": "http",
							"host": [
								"localhost"
							],
							"port": "5000",
							"path": [
								"api",
								"Usuarios"
							]
						}
					},
					"response": []
				},
				{
					"name": "Usuarios.Cadastrar",
					"request": {
						"method": "POST",
						"header": [
							{
								"key": "Content-Type",
								"name": "Content-Type",
								"value": "application/json",
								"type": "text"
							}
						],
						"body": {
							"mode": "raw",
							"raw": "{\r\n    \"email\": \"teste@email.com\",\r\n    \"senha\": \"teste123\",\r\n    \"idTipoUsuario\": 2\r\n}",
							"options": {
								"raw": {
									"language": "json"
								}
							}
						},
						"url": {
							"raw": "http://localhost:5000/api/Usuarios",
							"protocol": "http",
							"host": [
								"localhost"
							],
							"port": "5000",
							"path": [
								"api",
								"Usuarios"
							]
						}
					},
					"response": []
				},
				{
					"name": "Usuarios.BuscarPorId",
					"request": {
						"method": "GET",
						"header": [],
						"url": {
							"raw": "http://localhost:5000/api/Usuarios/2",
							"protocol": "http",
							"host": [
								"localhost"
							],
							"port": "5000",
							"path": [
								"api",
								"Usuarios",
								"2"
							]
						}
					},
					"response": []
				},
				{
					"name": "Usuarios.Atualizar",
					"request": {
						"method": "PUT",
						"header": [
							{
								"key": "Content-Type",
								"name": "Content-Type",
								"value": "application/json",
								"type": "text"
							}
						],
						"body": {
							"mode": "raw",
							"raw": "{\r\n    \"email\": \"testeatt@email.com\",\r\n    \"senha\": \"testeatt123\",\r\n    \"idTipoUsuario\": 2\r\n}",
							"options": {
								"raw": {
									"language": "json"
								}
							}
						},
						"url": {
							"raw": "http://localhost:5000/api/Usuarios/4",
							"protocol": "http",
							"host": [
								"localhost"
							],
							"port": "5000",
							"path": [
								"api",
								"Usuarios",
								"4"
							]
						}
					},
					"response": []
				},
				{
					"name": "Usuarios.Deletar",
					"request": {
						"method": "DELETE",
						"header": [],
						"url": {
							"raw": "http://localhost:5000/api/Usuarios/4",
							"protocol": "http",
							"host": [
								"localhost"
							],
							"port": "5000",
							"path": [
								"api",
								"Usuarios",
								"4"
							]
						}
					},
					"response": []
				}
			],
			"protocolProfileBehavior": {}
		},
		{
			"name": "Login",
			"item": [
				{
					"name": "Login",
					"request": {
						"method": "POST",
						"header": [
							{
								"key": "Content-Type",
								"name": "Content-Type",
								"value": "application/json",
								"type": "text"
							}
						],
						"body": {
							"mode": "raw",
							"raw": "{\n\t\"email\" : \"admin@email.com\",\n\t\"senha\" : \"admin123\"\n}",
							"options": {
								"raw": {
									"language": "json"
								}
							}
						},
						"url": {
							"raw": "http://localhost:5000/api/Login",
							"protocol": "http",
							"host": [
								"localhost"
							],
							"port": "5000",
							"path": [
								"api",
								"Login"
							]
						}
					},
					"response": []
				}
			],
			"protocolProfileBehavior": {}
		}
	],
	"protocolProfileBehavior": {}
}